{"cameraMode":{"drawMode":0,"name":"Shaded","section":"Shading Mode"},"sceneLighting":true,"audioPlay":false,"sceneViewState":{"showFog":true,"showMaterialUpdate":false,"showSkybox":true,"showFlares":true,"showImageEffects":true,"showParticleSystems":true},"in2DMode":false,"pivot":{"x":-1.5754399299621583,"y":0.9995777606964111,"z":-0.02059406042098999},"rotation":{"x":-0.017458520829677583,"y":0.8127561807632446,"z":-0.024391165003180505,"w":-0.5818375945091248},"size":10.625598907470704,"orthographic":true}